Rank,Bigram,Frequency
1,of the,3875
2,in the,1596
3,by the,1110
4,that the,1051
5,to the,999
6,to be,662
7,on the,639
8,for the,609
9,it is,597
10,and the,548
11,under section,541
12,the case,507
13,the act,465
14,the court,461
15,indian kanoon,436
16,kanoon http,436
17,http indiankanoon,436
18,indiankanoon org,436
19,org doc,436
20,high court,412
21,with the,402
22,has been,400
23,state of,386
24,the appellant,386
25,the accused,384
26,of section,382
27,case of,380
28,under the,356
29,the said,350
30,the applicant,348
31,the present,328
32,is not,327
33,this court,327
34,the petitioner,315
35,act of,308
36,on bail,304
37,from the,288
38,the learned,288
39,the plaintiffs,285
40,before the,284
41,the state,273
42,no 2,267
43,the same,250
44,of bail,243
45,there is,243
46,court in,234
47,special court,226
48,have been,222
49,against the,216
50,of a,215
