Rank,Trigram,Frequency
1,indian kanoon http,436
2,kanoon http indiankanoon,436
3,http indiankanoon org,436
4,indiankanoon org doc,436
5,of the act,293
6,the case of,286
7,the act of,281
8,in the case,250
9,act of 2015,183
10,p o t,181
11,the high court,167
12,o t a,166
13,the provisions of,165
14,children s court,152
15,vs state of,151
16,the children s,146
17,of the code,144
18,sj no 2117,142
19,no 2117 of,141
20,2117 of 2019,140
21,the supreme court,136
22,patna high court,136
23,high court cr,136
24,court cr app,136
25,cr app sj,136
26,app sj no,136
27,2019 dt 01-10-2019,136
28,counsel for the,135
29,of 2019 dt,135
30,redaul hussain khan,131
31,the state of,130
32,the ndps act,130
33,court in the,120
34,the special court,119
35,learned counsel for,118
36,grant of bail,115
37,released on bail,112
38,2 and 3,111
39,there is no,109
40,of the ndps,108
41,in view of,104
42,the present case,103
43,vs the state,103
44,national investigation agency,102
45,of the case,101
46,in conflict with,100
47,conflict with law,100
48,the hon ble,99
49,of the accused,99
50,code of criminal,95
