Rank,Unigram,Frequency
1,the,20133
2,of,12512
3,to,5344
4,in,5146
5,and,5066
6,is,3112
7,that,3069
8,a,2863
9,on,2709
10,by,2261
11,court,2258
12,for,2099
13,be,2046
14,was,1732
15,as,1688
16,no,1656
17,section,1630
18,or,1526
19,under,1500
20,not,1485
21,act,1463
22,it,1423
23,bail,1383
24,with,1358
25,has,1209
26,case,1163
27,this,1006
28,an,914
29,order,913
30,which,883
31,been,873
32,any,824
33,accused,810
34,2,753
35,1,740
36,are,736
37,he,735
38,s,735
39,have,705
40,from,689
41,state,650
42,his,643
43,such,643
44,at,629
45,vs,628
46,p,604
47,application,602
48,offence,599
49,had,575
50,mr,572
